PartitionKey,RowKey,test_type,test_type@type,protocol,protocol@type,latency_total,latency_total@type,latency_mean,latency_mean@type,latency_max,latency_max@type,latency_min,latency_min@type,throughput,throughput@type,success,success@type,server,server@type,sent_throughput,sent_throughput@type,received_throughput,received_throughput@type,max_rtt,max_rtt@type,min_rtt,min_rtt@type,mean_rtt,mean_rtt@type,duration,duration@type
10.2.0.13,01 27 2022 16 00 00,iperf3,String,,,,,,,,,,,,,,,10.1.0.25,String,1806178125,String,1801831755,String,111478,Int32,36357,Int32,66492,Int32,5,Int64
10.2.0.13,01 27 2022 16 05 00,iperf3,String,,,,,,,,,,,,,,,10.1.0.25,String,1883803787,String,1879029526,String,150095,Int32,22608,Int32,73151,Int32,5,Int64
10.2.0.13,01 27 2022 16 10 00,iperf3,String,,,,,,,,,,,,,,,10.1.0.25,String,1754173408,String,1749977728,String,261191,Int32,29370,Int32,82041,Int32,5,Int64
10.2.0.13,01 27 2022 16 15 00,iperf3,String,,,,,,,,,,,,,,,10.1.0.25,String,1853328952,String,1848675739,String,87109,Int32,7413,Int32,47366,Int32,5,Int64
10.2.0.13,01 27 2022 16 20 00,iperf3,String,,,,,,,,,,,,,,,10.1.0.25,String,1827620642,String,1822749935,String,167557,Int32,30312,Int32,82509,Int32,5,Int64
10.2.0.13,01 27 2022 16 25 00,iperf3,String,,,,,,,,,,,,,,,10.1.0.25,String,1801645993,String,1797407839,String,174686,Int32,39613,Int32,130691,Int32,5,Int64
10.2.0.13,01 27 2022 16 30 00,iperf3,String,,,,,,,,,,,,,,,10.1.0.25,String,1891147663,String,1886057287,String,72616,Int32,23154,Int32,35081,Int32,5,Int64
10.2.0.13,01 27 2022 16 35 00,iperf3,String,,,,,,,,,,,,,,,10.1.0.25,String,2311075688,String,2306040589,String,114152,Int32,4597,Int32,81999,Int32,5,Int64
10.2.0.13,01 27 2022 16 40 00,iperf3,String,,,,,,,,,,,,,,,10.1.0.25,String,1766052679,String,1761402602,String,163052,Int32,53719,Int32,120057,Int32,5,Int64
10.2.0.13,01 27 2022 16 45 00,iperf3,String,,,,,,,,,,,,,,,10.1.0.25,String,2103125508,String,2098534505,String,325450,Int32,26221,Int32,127819,Int32,5,Int64
10.2.0.13,01 27 2022 16 50 00,iperf3,String,,,,,,,,,,,,,,,10.1.0.25,String,2002504243,String,1997694095,String,145110,Int32,5077,Int32,77225,Int32,5,Int64
10.2.0.14,01 27 2022 16 00 00,iperf3,String,,,,,,,,,,,,,,,10.1.0.17,String,1673544012,String,1669108292,String,114017,Int32,8320,Int32,64548,Int32,5,Int64
10.2.0.14,01 27 2022 16 05 00,iperf3,String,,,,,,,,,,,,,,,10.1.0.17,String,1726007142,String,1721606365,String,76309,Int32,28487,Int32,62153,Int32,5,Int64
10.2.0.14,01 27 2022 16 10 00,iperf3,String,,,,,,,,,,,,,,,10.1.0.17,String,1783145758,String,1778853896,String,203706,Int32,57831,Int32,145052,Int32,5,Int64
10.2.0.14,01 27 2022 16 15 00,iperf3,String,,,,,,,,,,,,,,,10.1.0.17,String,1791280959,String,1786982030,String,51210,Int32,16972,Int32,33281,Int32,5,Int64
10.2.0.14,01 27 2022 16 20 00,iperf3,String,,,,,,,,,,,,,,,10.1.0.17,String,1824832267,String,1819780900,String,56512,Int32,4978,Int32,41628,Int32,5,Int64
10.2.0.14,01 27 2022 16 25 00,iperf3,String,,,,,,,,,,,,,,,10.1.0.17,String,1899746440,String,1894793628,String,1822329,Int32,19429,Int32,476254,Int32,5,Int64
10.2.0.14,01 27 2022 16 30 00,iperf3,String,,,,,,,,,,,,,,,10.1.0.17,String,1936685024,String,1932291744,String,69770,Int32,12625,Int32,36910,Int32,5,Int64
10.2.0.14,01 27 2022 16 35 00,iperf3,String,,,,,,,,,,,,,,,10.1.0.17,String,1868818489,String,1864506731,String,66089,Int32,15804,Int32,46748,Int32,5,Int64
10.2.0.14,01 27 2022 16 40 00,iperf3,String,,,,,,,,,,,,,,,10.1.0.17,String,2075938575,String,2070973310,String,172455,Int32,15592,Int32,100061,Int32,5,Int64
10.2.0.14,01 27 2022 16 45 00,iperf3,String,,,,,,,,,,,,,,,10.1.0.17,String,1788625982,String,1783967502,String,90037,Int32,26345,Int32,51147,Int32,5,Int64
10.2.0.14,01 27 2022 16 50 00,iperf3,String,,,,,,,,,,,,,,,10.1.0.17,String,1861337275,String,1856919655,String,123480,Int32,37053,Int32,88956,Int32,5,Int64
10.2.0.15,01 27 2022 16 00 00,iperf3,String,,,,,,,,,,,,,,,10.1.0.7,String,1881269051,String,1876304009,String,127658,Int32,4223,Int32,101419,Int32,5,Int64
10.2.0.15,01 27 2022 16 05 00,iperf3,String,,,,,,,,,,,,,,,10.1.0.7,String,1545117817,String,1540502833,String,105350,Int32,40318,Int32,74396,Int32,5,Int64
10.2.0.15,01 27 2022 16 10 00,iperf3,String,,,,,,,,,,,,,,,10.1.0.7,String,1834256983,String,1829860533,String,102102,Int32,33967,Int32,66418,Int32,5,Int64
10.2.0.15,01 27 2022 16 15 00,iperf3,String,,,,,,,,,,,,,,,10.1.0.7,String,1945858615,String,1940983354,String,187303,Int32,62397,Int32,123050,Int32,5,Int64
10.2.0.15,01 27 2022 16 20 00,iperf3,String,,,,,,,,,,,,,,,10.1.0.7,String,1734021843,String,1730763948,String,97171,Int32,13103,Int32,64876,Int32,5,Int64
10.2.0.15,01 27 2022 16 25 00,iperf3,String,,,,,,,,,,,,,,,10.1.0.7,String,1859459559,String,1854454510,String,157338,Int32,3509,Int32,97112,Int32,5,Int64
10.2.0.15,01 27 2022 16 30 00,iperf3,String,,,,,,,,,,,,,,,10.1.0.7,String,1825402325,String,1821653776,String,115990,Int32,21212,Int32,83870,Int32,5,Int64
10.2.0.15,01 27 2022 16 35 00,iperf3,String,,,,,,,,,,,,,,,10.1.0.7,String,2056982691,String,2051571978,String,75390,Int32,17074,Int32,40293,Int32,5,Int64
10.2.0.15,01 27 2022 16 40 00,iperf3,String,,,,,,,,,,,,,,,10.1.0.7,String,2079953880,String,2075662233,String,62647,Int32,27429,Int32,51019,Int32,5,Int64
10.2.0.15,01 27 2022 16 45 00,iperf3,String,,,,,,,,,,,,,,,10.1.0.7,String,1855898718,String,1851071991,String,66825,Int32,28245,Int32,52565,Int32,5,Int64
10.2.0.15,01 27 2022 16 50 00,iperf3,String,,,,,,,,,,,,,,,10.1.0.7,String,1831719401,String,1827130504,String,155400,Int32,49358,Int32,101599,Int32,5,Int64
10.2.0.17,01 27 2022 16 00 00,iperf3,String,,,,,,,,,,,,,,,10.1.0.32,String,1891151337,String,1886794213,String,76575,Int32,28682,Int32,51542,Int32,5,Int64
10.2.0.17,01 27 2022 16 05 00,iperf3,String,,,,,,,,,,,,,,,10.1.0.32,String,1802969221,String,1798263215,String,82963,Int32,23219,Int32,43993,Int32,5,Int64
10.2.0.17,01 27 2022 16 10 00,iperf3,String,,,,,,,,,,,,,,,10.1.0.32,String,1945286173,String,1940053915,String,124513,Int32,36953,Int32,62542,Int32,5,Int64
10.2.0.17,01 27 2022 16 15 00,iperf3,String,,,,,,,,,,,,,,,10.1.0.32,String,1706758198,String,1702324576,String,48252,Int32,18255,Int32,31983,Int32,5,Int64
10.2.0.17,01 27 2022 16 20 00,iperf3,String,,,,,,,,,,,,,,,10.1.0.32,String,1901672438,String,1896205805,String,112180,Int32,9628,Int32,78252,Int32,5,Int64
10.2.0.17,01 27 2022 16 25 00,iperf3,String,,,,,,,,,,,,,,,10.1.0.32,String,1816882497,String,1811747691,String,85787,Int32,31935,Int32,55011,Int32,5,Int64
10.2.0.17,01 27 2022 16 30 00,iperf3,String,,,,,,,,,,,,,,,10.1.0.32,String,1898171547,String,1893087344,String,523653,Int32,16774,Int32,100308,Int32,5,Int64
10.2.0.17,01 27 2022 16 35 00,iperf3,String,,,,,,,,,,,,,,,10.1.0.32,String,1938525673,String,1934143437,String,110826,Int32,11593,Int32,64794,Int32,5,Int64
10.2.0.17,01 27 2022 16 40 00,iperf3,String,,,,,,,,,,,,,,,10.1.0.32,String,2027869112,String,2023743487,String,163699,Int32,65388,Int32,103883,Int32,5,Int64
10.2.0.17,01 27 2022 16 45 00,iperf3,String,,,,,,,,,,,,,,,10.1.0.32,String,1947859836,String,1944352501,String,85465,Int32,14392,Int32,52474,Int32,5,Int64
10.2.0.17,01 27 2022 16 50 00,iperf3,String,,,,,,,,,,,,,,,10.1.0.32,String,1874508081,String,1869809829,String,161940,Int32,26311,Int32,75257,Int32,5,Int64
10.2.0.18,01 27 2022 15 55 00,iperf3,String,,,,,,,,,,,,,,,10.1.0.15,String,4669734158,String,4662523251,String,3754246,Int32,7102,Int32,192331,Int32,5,Int64
10.2.0.18,01 27 2022 16 00 00,iperf3,String,,,,,,,,,,,,,,,10.1.0.15,String,1954787454,String,1949953619,String,134885,Int32,26531,Int32,81770,Int32,5,Int64
10.2.0.18,01 27 2022 16 05 00,iperf3,String,,,,,,,,,,,,,,,10.1.0.15,String,1681681931,String,1677545757,String,129308,Int32,26411,Int32,83743,Int32,5,Int64
10.2.0.18,01 27 2022 16 10 00,iperf3,String,,,,,,,,,,,,,,,10.1.0.15,String,1761061376,String,1756831119,String,127498,Int32,46501,Int32,79990,Int32,5,Int64
10.2.0.18,01 27 2022 16 15 00,iperf3,String,,,,,,,,,,,,,,,10.1.0.15,String,1754431130,String,1749904602,String,69523,Int32,17928,Int32,38242,Int32,5,Int64
10.2.0.18,01 27 2022 16 20 00,iperf3,String,,,,,,,,,,,,,,,10.1.0.15,String,1800943518,String,1796678152,String,105775,Int32,15088,Int32,48229,Int32,5,Int64
10.2.0.18,01 27 2022 16 25 00,iperf3,String,,,,,,,,,,,,,,,10.1.0.15,String,1615145108,String,1610502385,String,62892,Int32,18615,Int32,39230,Int32,5,Int64
10.2.0.18,01 27 2022 16 30 00,iperf3,String,,,,,,,,,,,,,,,10.1.0.15,String,2154013205,String,2149528485,String,79673,Int32,11657,Int32,67207,Int32,5,Int64
10.2.0.18,01 27 2022 16 35 00,iperf3,String,,,,,,,,,,,,,,,10.1.0.15,String,2061355664,String,2055927369,String,85649,Int32,41757,Int32,57691,Int32,5,Int64
10.2.0.18,01 27 2022 16 40 00,iperf3,String,,,,,,,,,,,,,,,10.1.0.15,String,1800638209,String,1795775115,String,2396535,Int32,6074,Int32,183315,Int32,5,Int64
10.2.0.18,01 27 2022 16 45 00,iperf3,String,,,,,,,,,,,,,,,10.1.0.15,String,1934283394,String,1929862430,String,176804,Int32,76922,Int32,123892,Int32,5,Int64
10.2.0.18,01 27 2022 16 50 00,iperf3,String,,,,,,,,,,,,,,,10.1.0.15,String,2161448725,String,2156609297,String,79031,Int32,29097,Int32,51171,Int32,5,Int64
10.2.0.19,01 27 2022 15 55 00,iperf3,String,,,,,,,,,,,,,,,10.1.0.31,String,4326373839,String,4320065075,String,112769,Int32,37970,Int32,70828,Int32,5,Int64
10.2.0.19,01 27 2022 16 00 00,iperf3,String,,,,,,,,,,,,,,,10.1.0.31,String,1656241689,String,1651464506,String,136350,Int32,31257,Int32,75843,Int32,5,Int64
10.2.0.19,01 27 2022 16 05 00,iperf3,String,,,,,,,,,,,,,,,10.1.0.31,String,1682017891,String,1678039652,String,117352,Int32,24628,Int32,51604,Int32,5,Int64
10.2.0.19,01 27 2022 16 10 00,iperf3,String,,,,,,,,,,,,,,,10.1.0.31,String,1783775935,String,1779333593,String,94760,Int32,14702,Int32,52742,Int32,5,Int64
10.2.0.19,01 27 2022 16 15 00,iperf3,String,,,,,,,,,,,,,,,10.1.0.31,String,1838824777,String,1834909058,String,118104,Int32,46368,Int32,74071,Int32,5,Int64
10.2.0.19,01 27 2022 16 20 00,iperf3,String,,,,,,,,,,,,,,,10.1.0.31,String,1843235089,String,1839148268,String,75574,Int32,13351,Int32,43137,Int32,5,Int64
10.2.0.19,01 27 2022 16 25 00,iperf3,String,,,,,,,,,,,,,,,10.1.0.31,String,1769680245,String,1765719528,String,89563,Int32,5168,Int32,39146,Int32,5,Int64
10.2.0.19,01 27 2022 16 30 00,iperf3,String,,,,,,,,,,,,,,,10.1.0.31,String,1845492148,String,1840902650,String,82336,Int32,7732,Int32,29097,Int32,5,Int64
10.2.0.19,01 27 2022 16 35 00,iperf3,String,,,,,,,,,,,,,,,10.1.0.31,String,1924178826,String,1919739879,String,101719,Int32,22256,Int32,67346,Int32,5,Int64
10.2.0.19,01 27 2022 16 40 00,iperf3,String,,,,,,,,,,,,,,,10.1.0.31,String,2022185526,String,2017431473,String,90197,Int32,42189,Int32,68694,Int32,5,Int64
10.2.0.19,01 27 2022 16 45 00,iperf3,String,,,,,,,,,,,,,,,10.1.0.31,String,1986259334,String,1982022442,String,81184,Int32,18432,Int32,63998,Int32,5,Int64
10.2.0.19,01 27 2022 16 50 00,iperf3,String,,,,,,,,,,,,,,,10.1.0.31,String,2062665883,String,2057589141,String,73712,Int32,4854,Int32,55013,Int32,5,Int64
10.2.0.20,01 27 2022 15 55 00,iperf3,String,,,,,,,,,,,,,,,10.1.0.29,String,4818297281,String,4811349054,String,432659,Int32,6922,Int32,70900,Int32,5,Int64
10.2.0.20,01 27 2022 16 00 00,iperf3,String,,,,,,,,,,,,,,,10.1.0.29,String,1736757383,String,1732746383,String,608125,Int32,3647,Int32,98732,Int32,5,Int64
10.2.0.20,01 27 2022 16 05 00,iperf3,String,,,,,,,,,,,,,,,10.1.0.29,String,1780284272,String,1775862260,String,176629,Int32,66161,Int32,114333,Int32,5,Int64
10.2.0.20,01 27 2022 16 10 00,iperf3,String,,,,,,,,,,,,,,,10.1.0.29,String,1678354811,String,1673759734,String,95121,Int32,23679,Int32,63758,Int32,5,Int64
10.2.0.20,01 27 2022 16 15 00,iperf3,String,,,,,,,,,,,,,,,10.1.0.29,String,1776565286,String,1772415176,String,119849,Int32,34542,Int32,59703,Int32,5,Int64
10.2.0.20,01 27 2022 16 20 00,iperf3,String,,,,,,,,,,,,,,,10.1.0.29,String,1876472940,String,1872393336,String,72028,Int32,31436,Int32,53092,Int32,5,Int64
10.2.0.20,01 27 2022 16 25 00,iperf3,String,,,,,,,,,,,,,,,10.1.0.29,String,1813128646,String,1808613203,String,83329,Int32,28898,Int32,56546,Int32,5,Int64
10.2.0.20,01 27 2022 16 30 00,iperf3,String,,,,,,,,,,,,,,,10.1.0.29,String,2194057461,String,2189336656,String,109076,Int32,15638,Int32,55360,Int32,5,Int64
10.2.0.20,01 27 2022 16 35 00,iperf3,String,,,,,,,,,,,,,,,10.1.0.29,String,1985854681,String,1981149879,String,63063,Int32,2646,Int32,36127,Int32,5,Int64
10.2.0.20,01 27 2022 16 40 00,iperf3,String,,,,,,,,,,,,,,,10.1.0.29,String,2351599143,String,2346588193,String,102234,Int32,23780,Int32,56109,Int32,5,Int64
10.2.0.20,01 27 2022 16 45 00,iperf3,String,,,,,,,,,,,,,,,10.1.0.29,String,2042661300,String,2038272479,String,135631,Int32,15780,Int32,67843,Int32,5,Int64
10.2.0.20,01 27 2022 16 50 00,iperf3,String,,,,,,,,,,,,,,,10.1.0.29,String,1825047665,String,1820789253,String,114632,Int32,44201,Int32,76416,Int32,5,Int64
10.2.0.21,01 27 2022 16 00 00,iperf3,String,,,,,,,,,,,,,,,10.1.0.14,String,1694506199,String,1690268769,String,1507261,Int32,7624,Int32,139625,Int32,5,Int64
10.2.0.21,01 27 2022 16 05 00,iperf3,String,,,,,,,,,,,,,,,10.1.0.14,String,1766256923,String,1760847470,String,109344,Int32,24022,Int32,52140,Int32,5,Int64
10.2.0.21,01 27 2022 16 10 00,iperf3,String,,,,,,,,,,,,,,,10.1.0.14,String,1933125041,String,1928004110,String,109331,Int32,4121,Int32,62473,Int32,5,Int64
10.2.0.21,01 27 2022 16 15 00,iperf3,String,,,,,,,,,,,,,,,10.1.0.14,String,1947116900,String,1941383790,String,101463,Int32,7241,Int32,53971,Int32,5,Int64
10.2.0.21,01 27 2022 16 20 00,iperf3,String,,,,,,,,,,,,,,,10.1.0.14,String,1900508427,String,1894738757,String,105043,Int32,28681,Int32,59272,Int32,5,Int64
10.2.0.21,01 27 2022 16 25 00,iperf3,String,,,,,,,,,,,,,,,10.1.0.14,String,1778280057,String,1773329009,String,91979,Int32,4511,Int32,60861,Int32,5,Int64
10.2.0.21,01 27 2022 16 30 00,iperf3,String,,,,,,,,,,,,,,,10.1.0.14,String,1746837330,String,1742295981,String,327927,Int32,15357,Int32,59918,Int32,5,Int64
10.2.0.21,01 27 2022 16 35 00,iperf3,String,,,,,,,,,,,,,,,10.1.0.14,String,1862426697,String,1857779195,String,61195,Int32,18866,Int32,45381,Int32,5,Int64
10.2.0.21,01 27 2022 16 40 00,iperf3,String,,,,,,,,,,,,,,,10.1.0.14,String,1794810929,String,1790357802,String,103225,Int32,14960,Int32,63794,Int32,5,Int64
10.2.0.21,01 27 2022 16 45 00,iperf3,String,,,,,,,,,,,,,,,10.1.0.14,String,2141485815,String,2136193537,String,67035,Int32,29492,Int32,44801,Int32,5,Int64
10.2.0.21,01 27 2022 16 50 00,iperf3,String,,,,,,,,,,,,,,,10.1.0.14,String,2158628284,String,2154274043,String,89194,Int32,13054,Int32,36087,Int32,5,Int64
10.2.0.22,01 27 2022 15 55 00,iperf3,String,,,,,,,,,,,,,,,10.1.0.37,String,4928904691,String,4922397281,String,30360,Int32,4974,Int32,10398,Int32,5,Int64
10.2.0.22,01 27 2022 16 00 00,iperf3,String,,,,,,,,,,,,,,,10.1.0.37,String,1814483701,String,1810439907,String,117018,Int32,28012,Int32,67422,Int32,5,Int64
10.2.0.22,01 27 2022 16 05 00,iperf3,String,,,,,,,,,,,,,,,10.1.0.37,String,1935866787,String,1931017426,String,145105,Int32,28252,Int32,79897,Int32,5,Int64
10.2.0.22,01 27 2022 16 10 00,iperf3,String,,,,,,,,,,,,,,,10.1.0.37,String,1699652071,String,1694734157,String,98092,Int32,29179,Int32,56035,Int32,5,Int64
10.2.0.22,01 27 2022 16 15 00,iperf3,String,,,,,,,,,,,,,,,10.1.0.37,String,1816375672,String,1811638746,String,118809,Int32,6288,Int32,71339,Int32,5,Int64
10.2.0.22,01 27 2022 16 20 00,iperf3,String,,,,,,,,,,,,,,,10.1.0.37,String,1762383876,String,1757813046,String,315283,Int32,19139,Int32,74269,Int32,5,Int64
10.2.0.22,01 27 2022 16 25 00,iperf3,String,,,,,,,,,,,,,,,10.1.0.37,String,1945563210,String,1941083663,String,279928,Int32,11980,Int32,92275,Int32,5,Int64
10.2.0.22,01 27 2022 16 30 00,iperf3,String,,,,,,,,,,,,,,,10.1.0.37,String,1973594417,String,1968976736,String,107303,Int32,25160,Int32,62932,Int32,5,Int64
10.2.0.22,01 27 2022 16 35 00,iperf3,String,,,,,,,,,,,,,,,10.1.0.37,String,1724561384,String,1720501079,String,358021,Int32,34065,Int32,95322,Int32,5,Int64
10.2.0.22,01 27 2022 16 40 00,iperf3,String,,,,,,,,,,,,,,,10.1.0.37,String,1774189320,String,1769399580,String,133118,Int32,3448,Int32,89942,Int32,5,Int64
10.2.0.22,01 27 2022 16 45 00,iperf3,String,,,,,,,,,,,,,,,10.1.0.37,String,1921047168,String,1916545456,String,61034,Int32,18014,Int32,46025,Int32,5,Int64
10.2.0.22,01 27 2022 16 50 00,iperf3,String,,,,,,,,,,,,,,,10.1.0.37,String,1566407639,String,1562440213,String,96533,Int32,40524,Int32,71265,Int32,5,Int64
10.2.0.23,01 27 2022 15 55 00,iperf3,String,,,,,,,,,,,,,,,10.1.0.27,String,5609988739,String,5603962270,String,76580,Int32,15720,Int32,39136,Int32,5,Int64
10.2.0.23,01 27 2022 16 00 00,iperf3,String,,,,,,,,,,,,,,,10.1.0.27,String,1875572253,String,1871204939,String,157316,Int32,13172,Int32,109220,Int32,5,Int64
10.2.0.23,01 27 2022 16 05 00,iperf3,String,,,,,,,,,,,,,,,10.1.0.27,String,2120741117,String,2116258247,String,138169,Int32,51761,Int32,97720,Int32,5,Int64
10.2.0.23,01 27 2022 16 10 00,iperf3,String,,,,,,,,,,,,,,,10.1.0.27,String,1849265404,String,1844563925,String,84414,Int32,26284,Int32,51508,Int32,5,Int64
10.2.0.23,01 27 2022 16 15 00,iperf3,String,,,,,,,,,,,,,,,10.1.0.27,String,1932671758,String,1927628071,String,128138,Int32,22298,Int32,54343,Int32,5,Int64
10.2.0.23,01 27 2022 16 20 00,iperf3,String,,,,,,,,,,,,,,,10.1.0.27,String,2079403192,String,2073917288,String,147914,Int32,66284,Int32,113247,Int32,5,Int64
10.2.0.23,01 27 2022 16 25 00,iperf3,String,,,,,,,,,,,,,,,10.1.0.27,String,1884183490,String,1878619344,String,312192,Int32,23858,Int32,127209,Int32,5,Int64
10.2.0.23,01 27 2022 16 30 00,iperf3,String,,,,,,,,,,,,,,,10.1.0.27,String,1840120293,String,1835431658,String,177898,Int32,54370,Int32,121428,Int32,5,Int64
10.2.0.23,01 27 2022 16 35 00,iperf3,String,,,,,,,,,,,,,,,10.1.0.27,String,2132055163,String,2127505296,String,57241,Int32,6604,Int32,38480,Int32,5,Int64
10.2.0.23,01 27 2022 16 40 00,iperf3,String,,,,,,,,,,,,,,,10.1.0.27,String,1837891885,String,1833145887,String,188739,Int32,43132,Int32,106951,Int32,5,Int64
10.2.0.23,01 27 2022 16 45 00,iperf3,String,,,,,,,,,,,,,,,10.1.0.27,String,1816960667,String,1813167084,String,84237,Int32,38381,Int32,69273,Int32,5,Int64
10.2.0.23,01 27 2022 16 50 00,iperf3,String,,,,,,,,,,,,,,,10.1.0.27,String,1787107662,String,1782515752,String,94876,Int32,43618,Int32,74228,Int32,5,Int64
10.2.0.24,01 27 2022 15 55 00,iperf3,String,,,,,,,,,,,,,,,10.1.0.10,String,4641433078,String,4634922689,String,108361,Int32,23113,Int32,54592,Int32,5,Int64
10.2.0.24,01 27 2022 16 00 00,iperf3,String,,,,,,,,,,,,,,,10.1.0.10,String,1689197713,String,1683282416,String,1159415,Int32,17417,Int32,206034,Int32,5,Int64
10.2.0.24,01 27 2022 16 05 00,iperf3,String,,,,,,,,,,,,,,,10.1.0.10,String,1758364885,String,1754257745,String,2299544,Int32,6448,Int32,209938,Int32,5,Int64
10.2.0.24,01 27 2022 16 10 00,iperf3,String,,,,,,,,,,,,,,,10.1.0.10,String,1862598384,String,1856372741,String,101488,Int32,6093,Int32,50765,Int32,5,Int64
10.2.0.24,01 27 2022 16 15 00,iperf3,String,,,,,,,,,,,,,,,10.1.0.10,String,1780998984,String,1776615315,String,435472,Int32,8123,Int32,57884,Int32,5,Int64
10.2.0.24,01 27 2022 16 20 00,iperf3,String,,,,,,,,,,,,,,,10.1.0.10,String,1921707466,String,1917034876,String,102045,Int32,23187,Int32,64101,Int32,5,Int64
10.2.0.24,01 27 2022 16 25 00,iperf3,String,,,,,,,,,,,,,,,10.1.0.10,String,1838131423,String,1833212589,String,2824117,Int32,16986,Int32,295348,Int32,5,Int64
10.2.0.24,01 27 2022 16 30 00,iperf3,String,,,,,,,,,,,,,,,10.1.0.10,String,1910369845,String,1905278525,String,176983,Int32,57815,Int32,87707,Int32,5,Int64
10.2.0.24,01 27 2022 16 35 00,iperf3,String,,,,,,,,,,,,,,,10.1.0.10,String,1874711588,String,1869974122,String,145098,Int32,4092,Int32,90022,Int32,5,Int64
10.2.0.24,01 27 2022 16 40 00,iperf3,String,,,,,,,,,,,,,,,10.1.0.10,String,1843078147,String,1838114567,String,96188,Int32,14088,Int32,53174,Int32,5,Int64
10.2.0.24,01 27 2022 16 45 00,iperf3,String,,,,,,,,,,,,,,,10.1.0.10,String,1948323520,String,1943261206,String,116872,Int32,9284,Int32,75333,Int32,5,Int64
10.2.0.24,01 27 2022 16 50 00,iperf3,String,,,,,,,,,,,,,,,10.1.0.10,String,1918027874,String,1912628733,String,198922,Int32,5491,Int32,124933,Int32,5,Int64
10.2.0.25,01 27 2022 15 55 00,iperf3,String,,,,,,,,,,,,,,,10.1.0.12,String,4738177695,String,4731846186,String,224794,Int32,36107,Int32,66698,Int32,5,Int64
10.2.0.25,01 27 2022 16 00 00,iperf3,String,,,,,,,,,,,,,,,10.1.0.12,String,1967680645,String,1962752673,String,158475,Int32,4681,Int32,107143,Int32,5,Int64
10.2.0.25,01 27 2022 16 05 00,iperf3,String,,,,,,,,,,,,,,,10.1.0.12,String,1926004278,String,1921001069,String,103119,Int32,32018,Int32,66902,Int32,5,Int64
10.2.0.25,01 27 2022 16 10 00,iperf3,String,,,,,,,,,,,,,,,10.1.0.12,String,2030648898,String,2025493428,String,95674,Int32,5022,Int32,60105,Int32,5,Int64
10.2.0.25,01 27 2022 16 15 00,iperf3,String,,,,,,,,,,,,,,,10.1.0.12,String,1813184341,String,1808846056,String,107000,Int32,22820,Int32,52879,Int32,5,Int64
10.2.0.25,01 27 2022 16 20 00,iperf3,String,,,,,,,,,,,,,,,10.1.0.12,String,2257205782,String,2251326849,String,109208,Int32,5609,Int32,80062,Int32,5,Int64
10.2.0.25,01 27 2022 16 25 00,iperf3,String,,,,,,,,,,,,,,,10.1.0.12,String,1749159164,String,1744347575,String,160453,Int32,39105,Int32,97027,Int32,5,Int64
10.2.0.25,01 27 2022 16 30 00,iperf3,String,,,,,,,,,,,,,,,10.1.0.12,String,2000084942,String,1994673124,String,115635,Int32,4606,Int32,73516,Int32,5,Int64
10.2.0.25,01 27 2022 16 35 00,iperf3,String,,,,,,,,,,,,,,,10.1.0.12,String,2088320650,String,2083204589,String,2241501,Int32,3989,Int32,258603,Int32,5,Int64
10.2.0.25,01 27 2022 16 40 00,iperf3,String,,,,,,,,,,,,,,,10.1.0.12,String,2085823162,String,2080951919,String,183603,Int32,19644,Int32,85736,Int32,5,Int64
10.2.0.25,01 27 2022 16 45 00,iperf3,String,,,,,,,,,,,,,,,10.1.0.12,String,1985474118,String,1980799158,String,103165,Int32,31677,Int32,64355,Int32,5,Int64
10.2.0.25,01 27 2022 16 50 00,iperf3,String,,,,,,,,,,,,,,,10.1.0.12,String,1813571275,String,1809376955,String,135981,Int32,20077,Int32,71522,Int32,5,Int64
10.2.0.26,01 27 2022 15 55 00,iperf3,String,,,,,,,,,,,,,,,10.1.0.28,String,4709937222,String,4702665496,String,119810,Int32,4621,Int32,46470,Int32,5,Int64
10.2.0.26,01 27 2022 16 00 00,iperf3,String,,,,,,,,,,,,,,,10.1.0.28,String,1782927022,String,1775243089,String,113800,Int32,24207,Int32,69681,Int32,5,Int64
10.2.0.26,01 27 2022 16 05 00,iperf3,String,,,,,,,,,,,,,,,10.1.0.28,String,1804101315,String,1799701657,String,3018839,Int32,14123,Int32,448534,Int32,5,Int64
10.2.0.26,01 27 2022 16 10 00,iperf3,String,,,,,,,,,,,,,,,10.1.0.28,String,1684519494,String,1680174441,String,95589,Int32,21120,Int32,53934,Int32,5,Int64
10.2.0.26,01 27 2022 16 15 00,iperf3,String,,,,,,,,,,,,,,,10.1.0.28,String,2143630980,String,2138732423,String,94802,Int32,16942,Int32,59541,Int32,5,Int64
10.2.0.26,01 27 2022 16 20 00,iperf3,String,,,,,,,,,,,,,,,10.1.0.28,String,1970227052,String,1965157046,String,126938,Int32,55655,Int32,92706,Int32,5,Int64
10.2.0.26,01 27 2022 16 25 00,iperf3,String,,,,,,,,,,,,,,,10.1.0.28,String,2286406129,String,2281628319,String,140126,Int32,7005,Int32,74015,Int32,5,Int64
10.2.0.26,01 27 2022 16 30 00,iperf3,String,,,,,,,,,,,,,,,10.1.0.28,String,2171881625,String,2166111660,String,670911,Int32,4930,Int32,156012,Int32,5,Int64
10.2.0.26,01 27 2022 16 35 00,iperf3,String,,,,,,,,,,,,,,,10.1.0.28,String,1921573769,String,1916943181,String,132338,Int32,36671,Int32,91884,Int32,5,Int64
10.2.0.26,01 27 2022 16 40 00,iperf3,String,,,,,,,,,,,,,,,10.1.0.28,String,1984976761,String,1979981863,String,464265,Int32,27594,Int32,124451,Int32,5,Int64
10.2.0.26,01 27 2022 16 45 00,iperf3,String,,,,,,,,,,,,,,,10.1.0.28,String,1712268063,String,1707257944,String,2445408,Int32,23882,Int32,463179,Int32,5,Int64
10.2.0.26,01 27 2022 16 50 00,iperf3,String,,,,,,,,,,,,,,,10.1.0.28,String,2067146877,String,2062074224,String,1199104,Int32,4647,Int32,149888,Int32,5,Int64
10.2.0.27,01 27 2022 15 55 00,iperf3,String,,,,,,,,,,,,,,,10.1.0.24,String,4766287316,String,4760016192,String,81937,Int32,12758,Int32,44592,Int32,5,Int64
10.2.0.27,01 27 2022 16 00 00,iperf3,String,,,,,,,,,,,,,,,10.1.0.24,String,1724810150,String,1720828297,String,123219,Int32,30640,Int32,89161,Int32,5,Int64
10.2.0.27,01 27 2022 16 05 00,iperf3,String,,,,,,,,,,,,,,,10.1.0.24,String,1849971093,String,1845189653,String,74224,Int32,14118,Int32,53156,Int32,5,Int64
10.2.0.27,01 27 2022 16 10 00,iperf3,String,,,,,,,,,,,,,,,10.1.0.24,String,1881144373,String,1877169528,String,148686,Int32,29780,Int32,97290,Int32,5,Int64
10.2.0.27,01 27 2022 16 15 00,iperf3,String,,,,,,,,,,,,,,,10.1.0.24,String,1907772604,String,1903077879,String,107380,Int32,6934,Int32,62549,Int32,5,Int64
10.2.0.27,01 27 2022 16 20 00,iperf3,String,,,,,,,,,,,,,,,10.1.0.24,String,2006683054,String,2001377321,String,133513,Int32,72090,Int32,96050,Int32,5,Int64
10.2.0.27,01 27 2022 16 25 00,iperf3,String,,,,,,,,,,,,,,,10.1.0.24,String,1766195986,String,1762034981,String,72460,Int32,19388,Int32,55436,Int32,5,Int64
10.2.0.27,01 27 2022 16 30 00,iperf3,String,,,,,,,,,,,,,,,10.1.0.24,String,1968319200,String,1964058166,String,522221,Int32,2851,Int32,102877,Int32,5,Int64
10.2.0.27,01 27 2022 16 35 00,iperf3,String,,,,,,,,,,,,,,,10.1.0.24,String,1767413387,String,1762804688,String,59365,Int32,10368,Int32,45781,Int32,5,Int64
10.2.0.27,01 27 2022 16 40 00,iperf3,String,,,,,,,,,,,,,,,10.1.0.24,String,1900138977,String,1895634240,String,125990,Int32,11455,Int32,89429,Int32,5,Int64
10.2.0.27,01 27 2022 16 45 00,iperf3,String,,,,,,,,,,,,,,,10.1.0.24,String,1871249190,String,1866213208,String,126933,Int32,20138,Int32,93885,Int32,5,Int64
10.2.0.27,01 27 2022 16 50 00,iperf3,String,,,,,,,,,,,,,,,10.1.0.24,String,1784676838,String,1780594414,String,75083,Int32,6583,Int32,43648,Int32,5,Int64
10.2.0.28,01 27 2022 15 55 00,iperf3,String,,,,,,,,,,,,,,,10.1.0.30,String,4926466979,String,4918451652,String,77361,Int32,4202,Int32,35597,Int32,5,Int64
10.2.0.28,01 27 2022 16 00 00,iperf3,String,,,,,,,,,,,,,,,10.1.0.30,String,1953742081,String,1949406487,String,119671,Int32,16994,Int32,73979,Int32,5,Int64
10.2.0.28,01 27 2022 16 05 00,iperf3,String,,,,,,,,,,,,,,,10.1.0.30,String,1739412523,String,1735127545,String,56221,Int32,24617,Int32,36881,Int32,5,Int64
10.2.0.28,01 27 2022 16 10 00,iperf3,String,,,,,,,,,,,,,,,10.1.0.30,String,1631007037,String,1627170321,String,77353,Int32,21439,Int32,44781,Int32,5,Int64
10.2.0.28,01 27 2022 16 15 00,iperf3,String,,,,,,,,,,,,,,,10.1.0.30,String,1764472071,String,1760026299,String,60850,Int32,18533,Int32,41467,Int32,5,Int64
10.2.0.28,01 27 2022 16 20 00,iperf3,String,,,,,,,,,,,,,,,10.1.0.30,String,1831790286,String,1827433577,String,69318,Int32,14786,Int32,50847,Int32,5,Int64
10.2.0.28,01 27 2022 16 25 00,iperf3,String,,,,,,,,,,,,,,,10.1.0.30,String,1793249799,String,1788050454,String,73201,Int32,35381,Int32,46922,Int32,5,Int64
10.2.0.28,01 27 2022 16 30 00,iperf3,String,,,,,,,,,,,,,,,10.1.0.30,String,1886811509,String,1882807606,String,91757,Int32,21957,Int32,62236,Int32,5,Int64
10.2.0.28,01 27 2022 16 35 00,iperf3,String,,,,,,,,,,,,,,,10.1.0.30,String,2110057385,String,2103491366,String,193524,Int32,69219,Int32,133390,Int32,5,Int64
10.2.0.28,01 27 2022 16 40 00,iperf3,String,,,,,,,,,,,,,,,10.1.0.30,String,2079252009,String,2074938103,String,149589,Int32,36915,Int32,102048,Int32,5,Int64
10.2.0.28,01 27 2022 16 45 00,iperf3,String,,,,,,,,,,,,,,,10.1.0.30,String,2107774805,String,2102411778,String,71322,Int32,5413,Int32,41223,Int32,5,Int64
10.2.0.28,01 27 2022 16 50 00,iperf3,String,,,,,,,,,,,,,,,10.1.0.30,String,1878510586,String,1873876911,String,92924,Int32,5512,Int32,64805,Int32,5,Int64
10.2.0.29,01 27 2022 15 55 00,iperf3,String,,,,,,,,,,,,,,,10.1.0.5,String,4741279122,String,4727611121,String,159486,Int32,8020,Int32,66627,Int32,5,Int64
10.2.0.29,01 27 2022 16 00 00,iperf3,String,,,,,,,,,,,,,,,10.1.0.5,String,1774099056,String,1769667299,String,120723,Int32,30061,Int32,58450,Int32,5,Int64
10.2.0.29,01 27 2022 16 05 00,iperf3,String,,,,,,,,,,,,,,,10.1.0.5,String,1954473171,String,1950017654,String,200107,Int32,36689,Int32,116275,Int32,5,Int64
10.2.0.29,01 27 2022 16 10 00,iperf3,String,,,,,,,,,,,,,,,10.1.0.5,String,2091418117,String,2086777553,String,98744,Int32,22773,Int32,65994,Int32,5,Int64
10.2.0.29,01 27 2022 16 15 00,iperf3,String,,,,,,,,,,,,,,,10.1.0.5,String,1835852505,String,1831587581,String,118005,Int32,44156,Int32,70196,Int32,5,Int64
10.2.0.29,01 27 2022 16 20 00,iperf3,String,,,,,,,,,,,,,,,10.1.0.5,String,1700180895,String,1695696075,String,74144,Int32,29906,Int32,57593,Int32,5,Int64
10.2.0.29,01 27 2022 16 25 00,iperf3,String,,,,,,,,,,,,,,,10.1.0.5,String,1830962420,String,1826699336,String,76746,Int32,14611,Int32,36997,Int32,5,Int64
10.2.0.29,01 27 2022 16 30 00,iperf3,String,,,,,,,,,,,,,,,10.1.0.5,String,1900772079,String,1896186830,String,94763,Int32,20112,Int32,54094,Int32,5,Int64
10.2.0.29,01 27 2022 16 35 00,iperf3,String,,,,,,,,,,,,,,,10.1.0.5,String,2027035218,String,2022732867,String,101466,Int32,27935,Int32,58206,Int32,5,Int64
10.2.0.29,01 27 2022 16 40 00,iperf3,String,,,,,,,,,,,,,,,10.1.0.5,String,1856686180,String,1852340152,String,73511,Int32,27681,Int32,55268,Int32,5,Int64
10.2.0.29,01 27 2022 16 45 00,iperf3,String,,,,,,,,,,,,,,,10.1.0.5,String,1953414048,String,1948442168,String,145546,Int32,39243,Int32,68416,Int32,5,Int64
10.2.0.29,01 27 2022 16 50 00,iperf3,String,,,,,,,,,,,,,,,10.1.0.5,String,1857214196,String,1853046787,String,68946,Int32,9579,Int32,36318,Int32,5,Int64
10.2.0.30,01 27 2022 15 55 00,iperf3,String,,,,,,,,,,,,,,,10.1.0.11,String,4658492471,String,4652552800,String,68374,Int32,20404,Int32,41702,Int32,5,Int64
10.2.0.30,01 27 2022 16 00 00,iperf3,String,,,,,,,,,,,,,,,10.1.0.11,String,1607947956,String,1603988239,String,111305,Int32,39452,Int32,66992,Int32,5,Int64
10.2.0.30,01 27 2022 16 05 00,iperf3,String,,,,,,,,,,,,,,,10.1.0.11,String,1894889580,String,1887687537,String,87943,Int32,5977,Int32,60303,Int32,5,Int64
10.2.0.30,01 27 2022 16 10 00,iperf3,String,,,,,,,,,,,,,,,10.1.0.11,String,1709129100,String,1704356811,String,93657,Int32,9476,Int32,43217,Int32,5,Int64
10.2.0.30,01 27 2022 16 15 00,iperf3,String,,,,,,,,,,,,,,,10.1.0.11,String,1775093555,String,1770378225,String,125918,Int32,57439,Int32,86512,Int32,5,Int64
10.2.0.30,01 27 2022 16 20 00,iperf3,String,,,,,,,,,,,,,,,10.1.0.11,String,1859556405,String,1855338912,String,56749,Int32,17113,Int32,41008,Int32,5,Int64
10.2.0.30,01 27 2022 16 25 00,iperf3,String,,,,,,,,,,,,,,,10.1.0.11,String,1864198234,String,1859417828,String,86571,Int32,22432,Int32,53238,Int32,5,Int64
10.2.0.30,01 27 2022 16 30 00,iperf3,String,,,,,,,,,,,,,,,10.1.0.11,String,1815247900,String,1811162925,String,74907,Int32,26461,Int32,56526,Int32,5,Int64
10.2.0.30,01 27 2022 16 35 00,iperf3,String,,,,,,,,,,,,,,,10.1.0.11,String,1850444717,String,1845767685,String,115465,Int32,32896,Int32,77551,Int32,5,Int64
10.2.0.30,01 27 2022 16 40 00,iperf3,String,,,,,,,,,,,,,,,10.1.0.11,String,1961482502,String,1956607117,String,64630,Int32,4835,Int32,25773,Int32,5,Int64
10.2.0.30,01 27 2022 16 45 00,iperf3,String,,,,,,,,,,,,,,,10.1.0.11,String,1906212321,String,1901785764,String,453220,Int32,25039,Int32,64586,Int32,5,Int64
10.2.0.30,01 27 2022 16 50 00,iperf3,String,,,,,,,,,,,,,,,10.1.0.11,String,1912729579,String,1908181989,String,906920,Int32,5213,Int32,135263,Int32,5,Int64
10.2.0.31,01 27 2022 16 00 00,iperf3,String,,,,,,,,,,,,,,,10.1.0.8,String,1744312790,String,1740053496,String,142912,Int32,30559,Int32,85963,Int32,5,Int64
10.2.0.31,01 27 2022 16 05 00,iperf3,String,,,,,,,,,,,,,,,10.1.0.8,String,1808886175,String,1804708752,String,140684,Int32,61675,Int32,96767,Int32,5,Int64
10.2.0.31,01 27 2022 16 10 00,iperf3,String,,,,,,,,,,,,,,,10.1.0.8,String,1553212889,String,1549057291,String,104534,Int32,35251,Int32,66307,Int32,5,Int64
10.2.0.31,01 27 2022 16 15 00,iperf3,String,,,,,,,,,,,,,,,10.1.0.8,String,1684144589,String,1679836012,String,139385,Int32,28254,Int32,100790,Int32,5,Int64
10.2.0.31,01 27 2022 16 20 00,iperf3,String,,,,,,,,,,,,,,,10.1.0.8,String,1964761599,String,1960222643,String,675056,Int32,3687,Int32,98856,Int32,5,Int64
10.2.0.31,01 27 2022 16 25 00,iperf3,String,,,,,,,,,,,,,,,10.1.0.8,String,1977310404,String,1972155377,String,80156,Int32,23172,Int32,49430,Int32,5,Int64
10.2.0.31,01 27 2022 16 30 00,iperf3,String,,,,,,,,,,,,,,,10.1.0.8,String,1841972414,String,1837177195,String,68919,Int32,16815,Int32,34333,Int32,5,Int64
10.2.0.31,01 27 2022 16 35 00,iperf3,String,,,,,,,,,,,,,,,10.1.0.8,String,2036646808,String,2031385906,String,404499,Int32,3823,Int32,72120,Int32,5,Int64
10.2.0.31,01 27 2022 16 40 00,iperf3,String,,,,,,,,,,,,,,,10.1.0.8,String,1954438544,String,1949932330,String,120104,Int32,6094,Int32,60802,Int32,5,Int64
10.2.0.31,01 27 2022 16 45 00,iperf3,String,,,,,,,,,,,,,,,10.1.0.8,String,1787234044,String,1782417241,String,147964,Int32,21515,Int32,77265,Int32,5,Int64
10.2.0.31,01 27 2022 16 50 00,iperf3,String,,,,,,,,,,,,,,,10.1.0.8,String,1836332067,String,1831406416,String,442562,Int32,18805,Int32,100443,Int32,5,Int64
10.2.0.32,01 27 2022 16 00 00,iperf3,String,,,,,,,,,,,,,,,10.1.0.6,String,1770768336,String,1766962947,String,90192,Int32,15986,Int32,57500,Int32,5,Int64
10.2.0.32,01 27 2022 16 05 00,iperf3,String,,,,,,,,,,,,,,,10.1.0.6,String,1801026220,String,1796941686,String,36628,Int32,11576,Int32,25951,Int32,5,Int64
10.2.0.32,01 27 2022 16 10 00,iperf3,String,,,,,,,,,,,,,,,10.1.0.6,String,1734291748,String,1730441389,String,114597,Int32,4538,Int32,50113,Int32,5,Int64
10.2.0.32,01 27 2022 16 15 00,iperf3,String,,,,,,,,,,,,,,,10.1.0.6,String,1872758624,String,1868352732,String,113298,Int32,11886,Int32,67576,Int32,5,Int64
10.2.0.32,01 27 2022 16 20 00,iperf3,String,,,,,,,,,,,,,,,10.1.0.6,String,1752984513,String,1748186562,String,507581,Int32,27503,Int32,93855,Int32,5,Int64
10.2.0.32,01 27 2022 16 25 00,iperf3,String,,,,,,,,,,,,,,,10.1.0.6,String,1967732379,String,1962580886,String,80420,Int32,5395,Int32,58634,Int32,5,Int64
10.2.0.32,01 27 2022 16 30 00,iperf3,String,,,,,,,,,,,,,,,10.1.0.6,String,1804974482,String,1800031808,String,122971,Int32,24108,Int32,69983,Int32,5,Int64
10.2.0.32,01 27 2022 16 35 00,iperf3,String,,,,,,,,,,,,,,,10.1.0.6,String,1891580304,String,1887177133,String,227355,Int32,12364,Int32,34517,Int32,5,Int64
10.2.0.32,01 27 2022 16 40 00,iperf3,String,,,,,,,,,,,,,,,10.1.0.6,String,1941516005,String,1936912023,String,125225,Int32,9517,Int32,30445,Int32,5,Int64
10.2.0.32,01 27 2022 16 45 00,iperf3,String,,,,,,,,,,,,,,,10.1.0.6,String,2050435479,String,2045777245,String,89311,Int32,45627,Int32,70537,Int32,5,Int64
10.2.0.32,01 27 2022 16 50 00,iperf3,String,,,,,,,,,,,,,,,10.1.0.6,String,1802417594,String,1798174603,String,114803,Int32,34627,Int32,66743,Int32,5,Int64
10.2.0.34,01 27 2022 16 00 00,iperf3,String,,,,,,,,,,,,,,,10.1.0.13,String,1859026699,String,1854433736,String,92431,Int32,26118,Int32,56571,Int32,5,Int64
10.2.0.34,01 27 2022 16 05 00,iperf3,String,,,,,,,,,,,,,,,10.1.0.13,String,1722102292,String,1717991516,String,85888,Int32,19265,Int32,40920,Int32,5,Int64
10.2.0.34,01 27 2022 16 10 00,iperf3,String,,,,,,,,,,,,,,,10.1.0.13,String,1714612964,String,1711074652,String,90164,Int32,18096,Int32,48825,Int32,5,Int64
10.2.0.35,01 27 2022 16 00 00,iperf3,String,,,,,,,,,,,,,,,10.1.0.36,String,1830409406,String,1825079417,String,244362,Int32,41807,Int32,65516,Int32,5,Int64
10.2.0.35,01 27 2022 16 05 00,iperf3,String,,,,,,,,,,,,,,,10.1.0.36,String,1948981757,String,1944279280,String,72637,Int32,29068,Int32,49564,Int32,5,Int64
10.2.0.35,01 27 2022 16 10 00,iperf3,String,,,,,,,,,,,,,,,10.1.0.36,String,1873865447,String,1868786766,String,898403,Int32,32257,Int32,98700,Int32,5,Int64
10.2.0.35,01 27 2022 16 15 00,iperf3,String,,,,,,,,,,,,,,,10.1.0.36,String,1971231090,String,1966411147,String,86659,Int32,27849,Int32,47084,Int32,5,Int64
10.2.0.35,01 27 2022 16 20 00,iperf3,String,,,,,,,,,,,,,,,10.1.0.36,String,2036719085,String,2031631511,String,113769,Int32,4878,Int32,50955,Int32,5,Int64
10.2.0.35,01 27 2022 16 25 00,iperf3,String,,,,,,,,,,,,,,,10.1.0.36,String,1971948384,String,1967388811,String,75312,Int32,26866,Int32,55264,Int32,5,Int64
10.2.0.36,01 27 2022 16 00 00,iperf3,String,,,,,,,,,,,,,,,10.1.0.41,String,1683898819,String,1679456773,String,101299,Int32,41706,Int32,63540,Int32,5,Int64
10.2.0.36,01 27 2022 16 05 00,iperf3,String,,,,,,,,,,,,,,,10.1.0.41,String,1819638777,String,1814392024,String,205201,Int32,76152,Int32,150044,Int32,5,Int64
10.2.0.36,01 27 2022 16 10 00,iperf3,String,,,,,,,,,,,,,,,10.1.0.41,String,1813892891,String,1808570263,String,89342,Int32,29525,Int32,47224,Int32,5,Int64
10.2.0.36,01 27 2022 16 15 00,iperf3,String,,,,,,,,,,,,,,,10.1.0.41,String,1732473476,String,1728116981,String,117962,Int32,10428,Int32,75462,Int32,5,Int64
10.2.0.36,01 27 2022 16 20 00,iperf3,String,,,,,,,,,,,,,,,10.1.0.41,String,1778578360,String,1774034150,String,102210,Int32,29070,Int32,59827,Int32,5,Int64
10.2.0.36,01 27 2022 16 25 00,iperf3,String,,,,,,,,,,,,,,,10.1.0.41,String,1710521718,String,1706654673,String,98124,Int32,39886,Int32,65772,Int32,5,Int64
10.2.0.36,01 27 2022 16 30 00,iperf3,String,,,,,,,,,,,,,,,10.1.0.41,String,1912657026,String,1908057150,String,152566,Int32,36525,Int32,104906,Int32,5,Int64
10.2.0.36,01 27 2022 16 35 00,iperf3,String,,,,,,,,,,,,,,,10.1.0.41,String,1959242507,String,1954750805,String,92915,Int32,36217,Int32,66831,Int32,5,Int64
10.2.0.36,01 27 2022 16 40 00,iperf3,String,,,,,,,,,,,,,,,10.1.0.41,String,1917346778,String,1911991121,String,128740,Int32,29519,Int32,77487,Int32,5,Int64
10.2.0.36,01 27 2022 16 45 00,iperf3,String,,,,,,,,,,,,,,,10.1.0.41,String,1938705474,String,1933987679,String,90062,Int32,27194,Int32,51160,Int32,5,Int64
10.2.0.36,01 27 2022 16 50 00,iperf3,String,,,,,,,,,,,,,,,10.1.0.41,String,2007469926,String,2003212225,String,163925,Int32,48441,Int32,117177,Int32,5,Int64
10.2.0.37,01 27 2022 16 00 00,iperf3,String,,,,,,,,,,,,,,,10.1.0.23,String,1827249690,String,1822871774,String,145217,Int32,43548,Int32,84231,Int32,5,Int64
10.2.0.37,01 27 2022 16 05 00,iperf3,String,,,,,,,,,,,,,,,10.1.0.23,String,1962238480,String,1956981520,String,108713,Int32,6192,Int32,72113,Int32,5,Int64
10.2.0.37,01 27 2022 16 10 00,iperf3,String,,,,,,,,,,,,,,,10.1.0.23,String,1608304203,String,1603844023,String,65020,Int32,24832,Int32,43876,Int32,5,Int64
10.2.0.37,01 27 2022 16 15 00,iperf3,String,,,,,,,,,,,,,,,10.1.0.23,String,1856656433,String,1852576686,String,135732,Int32,50363,Int32,93384,Int32,5,Int64
10.2.0.37,01 27 2022 16 20 00,iperf3,String,,,,,,,,,,,,,,,10.1.0.23,String,1745434569,String,1740667281,String,428575,Int32,51995,Int32,145503,Int32,5,Int64
10.2.0.37,01 27 2022 16 25 00,iperf3,String,,,,,,,,,,,,,,,10.1.0.23,String,2005627813,String,2001207392,String,130094,Int32,29922,Int32,57766,Int32,5,Int64
10.2.0.37,01 27 2022 16 30 00,iperf3,String,,,,,,,,,,,,,,,10.1.0.23,String,1777440528,String,1773047152,String,132703,Int32,50749,Int32,95130,Int32,5,Int64
10.2.0.37,01 27 2022 16 35 00,iperf3,String,,,,,,,,,,,,,,,10.1.0.23,String,1920077270,String,1915578997,String,128509,Int32,33829,Int32,71411,Int32,5,Int64
10.2.0.37,01 27 2022 16 40 00,iperf3,String,,,,,,,,,,,,,,,10.1.0.23,String,1983880948,String,1979239193,String,71334,Int32,4881,Int32,31057,Int32,5,Int64
10.2.0.37,01 27 2022 16 45 00,iperf3,String,,,,,,,,,,,,,,,10.1.0.23,String,1884330609,String,1878798303,String,93451,Int32,6736,Int32,55392,Int32,5,Int64
10.2.0.37,01 27 2022 16 50 00,iperf3,String,,,,,,,,,,,,,,,10.1.0.23,String,1889919290,String,1885588869,String,121062,Int32,29663,Int32,65933,Int32,5,Int64
10.2.0.38,01 27 2022 16 00 00,iperf3,String,,,,,,,,,,,,,,,10.1.0.20,String,1713404153,String,1709072603,String,144614,Int32,5177,Int32,67940,Int32,5,Int64
10.2.0.38,01 27 2022 16 05 00,iperf3,String,,,,,,,,,,,,,,,10.1.0.20,String,1775527605,String,1770974083,String,88772,Int32,5203,Int32,62935,Int32,5,Int64
10.2.0.38,01 27 2022 16 10 00,iperf3,String,,,,,,,,,,,,,,,10.1.0.20,String,1805771208,String,1801066812,String,156027,Int32,9754,Int32,90643,Int32,5,Int64
10.2.0.38,01 27 2022 16 15 00,iperf3,String,,,,,,,,,,,,,,,10.1.0.20,String,1810871748,String,1806542543,String,141476,Int32,61663,Int32,93041,Int32,5,Int64
10.2.0.38,01 27 2022 16 20 00,iperf3,String,,,,,,,,,,,,,,,10.1.0.20,String,1737339782,String,1732957543,String,82782,Int32,17942,Int32,45986,Int32,5,Int64
10.2.0.38,01 27 2022 16 25 00,iperf3,String,,,,,,,,,,,,,,,10.1.0.20,String,1672901855,String,1668150055,String,107863,Int32,7440,Int32,34897,Int32,5,Int64
10.2.0.38,01 27 2022 16 30 00,iperf3,String,,,,,,,,,,,,,,,10.1.0.20,String,2147136834,String,2142010927,String,108052,Int32,10856,Int32,50173,Int32,5,Int64
10.2.0.38,01 27 2022 16 35 00,iperf3,String,,,,,,,,,,,,,,,10.1.0.20,String,1806437633,String,1801580111,String,79113,Int32,3846,Int32,47416,Int32,5,Int64
10.2.0.38,01 27 2022 16 40 00,iperf3,String,,,,,,,,,,,,,,,10.1.0.20,String,1881170520,String,1875751040,String,130977,Int32,4260,Int32,83235,Int32,5,Int64
10.2.0.38,01 27 2022 16 45 00,iperf3,String,,,,,,,,,,,,,,,10.1.0.20,String,2009141558,String,2004770483,String,109727,Int32,38160,Int32,69022,Int32,5,Int64
10.2.0.38,01 27 2022 16 50 00,iperf3,String,,,,,,,,,,,,,,,10.1.0.20,String,2077905353,String,2072869796,String,105089,Int32,20453,Int32,52577,Int32,5,Int64
10.2.0.39,01 27 2022 16 00 00,iperf3,String,,,,,,,,,,,,,,,10.1.0.18,String,1717466167,String,1713044811,String,98235,Int32,9307,Int32,46110,Int32,5,Int64
10.2.0.39,01 27 2022 16 05 00,iperf3,String,,,,,,,,,,,,,,,10.1.0.18,String,1833265522,String,1828662995,String,97419,Int32,4515,Int32,67465,Int32,5,Int64
10.2.0.39,01 27 2022 16 10 00,iperf3,String,,,,,,,,,,,,,,,10.1.0.18,String,1790305176,String,1786295620,String,91361,Int32,17515,Int32,54123,Int32,5,Int64
10.2.0.39,01 27 2022 16 15 00,iperf3,String,,,,,,,,,,,,,,,10.1.0.18,String,1782514505,String,1778208384,String,73161,Int32,26892,Int32,49781,Int32,5,Int64
10.2.0.39,01 27 2022 16 20 00,iperf3,String,,,,,,,,,,,,,,,10.1.0.18,String,1901521820,String,1897198392,String,82889,Int32,9252,Int32,37020,Int32,5,Int64
10.2.0.39,01 27 2022 16 25 00,iperf3,String,,,,,,,,,,,,,,,10.1.0.18,String,2061493836,String,2057188149,String,110951,Int32,29897,Int32,76805,Int32,5,Int64
10.2.0.39,01 27 2022 16 30 00,iperf3,String,,,,,,,,,,,,,,,10.1.0.18,String,2150232066,String,2145577568,String,43132,Int32,5365,Int32,25079,Int32,5,Int64
10.2.0.39,01 27 2022 16 35 00,iperf3,String,,,,,,,,,,,,,,,10.1.0.18,String,1930273906,String,1924871982,String,170678,Int32,21680,Int32,108145,Int32,5,Int64
10.2.0.39,01 27 2022 16 40 00,iperf3,String,,,,,,,,,,,,,,,10.1.0.18,String,1874413235,String,1869760687,String,192683,Int32,49622,Int32,124878,Int32,5,Int64
10.2.0.39,01 27 2022 16 45 00,iperf3,String,,,,,,,,,,,,,,,10.1.0.18,String,1706955561,String,1702157599,String,1545073,Int32,8969,Int32,189309,Int32,5,Int64
10.2.0.39,01 27 2022 16 50 00,iperf3,String,,,,,,,,,,,,,,,10.1.0.18,String,2041976971,String,2037348662,String,66728,Int32,15830,Int32,47283,Int32,5,Int64
10.2.0.40,01 27 2022 16 00 00,iperf3,String,,,,,,,,,,,,,,,10.1.0.22,String,1612651796,String,1609779264,String,175559,Int32,37628,Int32,123307,Int32,5,Int64
10.2.0.40,01 27 2022 16 05 00,iperf3,String,,,,,,,,,,,,,,,10.1.0.22,String,1781856514,String,1778022567,String,113673,Int32,27799,Int32,72789,Int32,5,Int64
10.2.0.40,01 27 2022 16 10 00,iperf3,String,,,,,,,,,,,,,,,10.1.0.22,String,1773168169,String,1768542505,String,69734,Int32,22376,Int32,52392,Int32,5,Int64
10.2.0.40,01 27 2022 16 15 00,iperf3,String,,,,,,,,,,,,,,,10.1.0.22,String,1854701804,String,1850280627,String,127369,Int32,30689,Int32,70315,Int32,5,Int64
10.2.0.40,01 27 2022 16 20 00,iperf3,String,,,,,,,,,,,,,,,10.1.0.22,String,1966761623,String,1961975752,String,297827,Int32,30357,Int32,65807,Int32,5,Int64
10.2.0.40,01 27 2022 16 25 00,iperf3,String,,,,,,,,,,,,,,,10.1.0.22,String,1837042338,String,1832027323,String,147179,Int32,25409,Int32,74060,Int32,5,Int64
10.2.0.40,01 27 2022 16 30 00,iperf3,String,,,,,,,,,,,,,,,10.1.0.22,String,2030344864,String,2024711342,String,119003,Int32,5999,Int32,82202,Int32,5,Int64
10.2.0.40,01 27 2022 16 35 00,iperf3,String,,,,,,,,,,,,,,,10.1.0.22,String,1797806831,String,1793342263,String,61900,Int32,21386,Int32,41292,Int32,5,Int64
10.2.0.40,01 27 2022 16 40 00,iperf3,String,,,,,,,,,,,,,,,10.1.0.22,String,1729980205,String,1725258011,String,453717,Int32,9870,Int32,46867,Int32,5,Int64
10.2.0.40,01 27 2022 16 45 00,iperf3,String,,,,,,,,,,,,,,,10.1.0.22,String,1906065230,String,1901156866,String,120589,Int32,5926,Int32,60790,Int32,5,Int64
10.2.0.40,01 27 2022 16 50 00,iperf3,String,,,,,,,,,,,,,,,10.1.0.22,String,1957088948,String,1952228339,String,163929,Int32,54295,Int32,113072,Int32,5,Int64
10.2.0.41,01 27 2022 16 00 00,iperf3,String,,,,,,,,,,,,,,,10.1.0.16,String,2062112903,String,2056966438,String,62366,Int32,6015,Int32,39310,Int32,5,Int64
10.2.0.41,01 27 2022 16 05 00,iperf3,String,,,,,,,,,,,,,,,10.1.0.16,String,1632776193,String,1628446252,String,336471,Int32,5508,Int32,51478,Int32,5,Int64
10.2.0.41,01 27 2022 16 10 00,iperf3,String,,,,,,,,,,,,,,,10.1.0.16,String,1940253919,String,1935979402,String,242381,Int32,28826,Int32,99872,Int32,5,Int64
10.2.0.41,01 27 2022 16 15 00,iperf3,String,,,,,,,,,,,,,,,10.1.0.16,String,2022873605,String,2018387587,String,101142,Int32,9829,Int32,39311,Int32,5,Int64
10.2.0.41,01 27 2022 16 20 00,iperf3,String,,,,,,,,,,,,,,,10.1.0.16,String,1884367041,String,1879756022,String,135756,Int32,54088,Int32,93705,Int32,5,Int64
10.2.0.41,01 27 2022 16 25 00,iperf3,String,,,,,,,,,,,,,,,10.1.0.16,String,1796021286,String,1791826970,String,74002,Int32,23555,Int32,40360,Int32,5,Int64
10.2.0.41,01 27 2022 16 30 00,iperf3,String,,,,,,,,,,,,,,,10.1.0.16,String,1647240598,String,1642966675,String,115861,Int32,22212,Int32,69014,Int32,5,Int64
10.2.0.41,01 27 2022 16 35 00,iperf3,String,,,,,,,,,,,,,,,10.1.0.16,String,1928231184,String,1923275968,String,1861426,Int32,18762,Int32,149422,Int32,5,Int64
10.2.0.41,01 27 2022 16 40 00,iperf3,String,,,,,,,,,,,,,,,10.1.0.16,String,1849765107,String,1845356355,String,114595,Int32,34586,Int32,73458,Int32,5,Int64
10.2.0.41,01 27 2022 16 45 00,iperf3,String,,,,,,,,,,,,,,,10.1.0.16,String,2097437713,String,2092897903,String,1639212,Int32,9809,Int32,203936,Int32,5,Int64
10.2.0.41,01 27 2022 16 50 00,iperf3,String,,,,,,,,,,,,,,,10.1.0.16,String,1981285208,String,1977055846,String,1443610,Int32,3268,Int32,164815,Int32,5,Int64
10.2.0.6,01 27 2022 16 00 00,iperf3,String,,,,,,,,,,,,,,,10.1.0.39,String,1701540687,String,1697640052,String,206249,Int32,13786,Int32,53080,Int32,5,Int64
10.2.0.6,01 27 2022 16 05 00,iperf3,String,,,,,,,,,,,,,,,10.1.0.39,String,1702699935,String,1698318899,String,120746,Int32,30504,Int32,66489,Int32,5,Int64
10.2.0.6,01 27 2022 16 10 00,iperf3,String,,,,,,,,,,,,,,,10.1.0.39,String,1732366586,String,1728182029,String,146476,Int32,11634,Int32,73888,Int32,5,Int64
10.2.0.6,01 27 2022 16 15 00,iperf3,String,,,,,,,,,,,,,,,10.1.0.39,String,1939494392,String,1934812573,String,155975,Int32,46611,Int32,106693,Int32,5,Int64
10.2.0.6,01 27 2022 16 20 00,iperf3,String,,,,,,,,,,,,,,,10.1.0.39,String,1878227770,String,1873816153,String,69043,Int32,22204,Int32,52422,Int32,5,Int64
10.2.0.6,01 27 2022 16 25 00,iperf3,String,,,,,,,,,,,,,,,10.1.0.39,String,1765170266,String,1760519683,String,115460,Int32,27206,Int32,70815,Int32,5,Int64
10.2.0.6,01 27 2022 16 30 00,iperf3,String,,,,,,,,,,,,,,,10.1.0.39,String,1829958947,String,1825284096,String,93332,Int32,19744,Int32,51009,Int32,5,Int64
10.2.0.6,01 27 2022 16 35 00,iperf3,String,,,,,,,,,,,,,,,10.1.0.39,String,1802577111,String,1798144117,String,81652,Int32,16239,Int32,45049,Int32,5,Int64
10.2.0.6,01 27 2022 16 40 00,iperf3,String,,,,,,,,,,,,,,,10.1.0.39,String,1915996970,String,1911514619,String,630245,Int32,46242,Int32,102799,Int32,5,Int64
10.2.0.6,01 27 2022 16 45 00,iperf3,String,,,,,,,,,,,,,,,10.1.0.39,String,1825115250,String,1820139606,String,95180,Int32,7993,Int32,54517,Int32,5,Int64
10.2.0.6,01 27 2022 16 50 00,iperf3,String,,,,,,,,,,,,,,,10.1.0.39,String,2128723875,String,2124244428,String,104190,Int32,31137,Int32,59975,Int32,5,Int64
10.2.0.7,01 27 2022 16 00 00,iperf3,String,,,,,,,,,,,,,,,10.1.0.35,String,1839925417,String,1835541611,String,105499,Int32,17032,Int32,51789,Int32,5,Int64
10.2.0.7,01 27 2022 16 05 00,iperf3,String,,,,,,,,,,,,,,,10.1.0.35,String,1929325639,String,1924259521,String,95529,Int32,11586,Int32,52874,Int32,5,Int64
10.2.0.7,01 27 2022 16 10 00,iperf3,String,,,,,,,,,,,,,,,10.1.0.35,String,1723231057,String,1718945560,String,86163,Int32,25509,Int32,57229,Int32,5,Int64
10.2.0.7,01 27 2022 16 15 00,iperf3,String,,,,,,,,,,,,,,,10.1.0.35,String,1892726043,String,1888088586,String,57906,Int32,5284,Int32,25097,Int32,5,Int64
10.2.0.7,01 27 2022 16 20 00,iperf3,String,,,,,,,,,,,,,,,10.1.0.35,String,1847151949,String,1842529283,String,89602,Int32,17810,Int32,38486,Int32,5,Int64
10.2.0.7,01 27 2022 16 25 00,iperf3,String,,,,,,,,,,,,,,,10.1.0.35,String,2025857990,String,2021046226,String,154507,Int32,18077,Int32,68035,Int32,5,Int64
10.2.0.7,01 27 2022 16 30 00,iperf3,String,,,,,,,,,,,,,,,10.1.0.35,String,1823183624,String,1818645680,String,62440,Int32,7370,Int32,31487,Int32,5,Int64
10.2.0.7,01 27 2022 16 35 00,iperf3,String,,,,,,,,,,,,,,,10.1.0.35,String,1725774284,String,1720875969,String,84785,Int32,15546,Int32,41515,Int32,5,Int64
10.2.0.7,01 27 2022 16 40 00,iperf3,String,,,,,,,,,,,,,,,10.1.0.35,String,2012585277,String,2007644516,String,101779,Int32,18508,Int32,58561,Int32,5,Int64
10.2.0.7,01 27 2022 16 45 00,iperf3,String,,,,,,,,,,,,,,,10.1.0.35,String,2320716392,String,2315733773,String,483380,Int32,31664,Int32,78518,Int32,5,Int64
10.2.0.7,01 27 2022 16 50 00,iperf3,String,,,,,,,,,,,,,,,10.1.0.35,String,1773419973,String,1768544795,String,111500,Int32,47479,Int32,78573,Int32,5,Int64
10.2.0.9,01 27 2022 16 00 00,iperf3,String,,,,,,,,,,,,,,,10.1.0.38,String,1829792609,String,1825576487,String,102167,Int32,32928,Int32,54889,Int32,5,Int64
10.2.0.9,01 27 2022 16 05 00,iperf3,String,,,,,,,,,,,,,,,10.1.0.38,String,1631936451,String,1627934788,String,128043,Int32,20056,Int32,50745,Int32,5,Int64
10.2.0.9,01 27 2022 16 10 00,iperf3,String,,,,,,,,,,,,,,,10.1.0.38,String,1878626680,String,1873753404,String,26136,Int32,1071,Int32,12155,Int32,5,Int64
10.2.0.9,01 27 2022 16 15 00,iperf3,String,,,,,,,,,,,,,,,10.1.0.38,String,1786212960,String,1781420685,String,82214,Int32,5220,Int32,56079,Int32,5,Int64
10.2.0.9,01 27 2022 16 20 00,iperf3,String,,,,,,,,,,,,,,,10.1.0.38,String,1731237218,String,1726545297,String,109075,Int32,32126,Int32,63741,Int32,5,Int64
10.2.0.9,01 27 2022 16 25 00,iperf3,String,,,,,,,,,,,,,,,10.1.0.38,String,2045664800,String,2040710668,String,122757,Int32,5675,Int32,57171,Int32,5,Int64
10.2.0.9,01 27 2022 16 30 00,iperf3,String,,,,,,,,,,,,,,,10.1.0.38,String,2005843136,String,1998138566,String,219971,Int32,5364,Int32,117930,Int32,5,Int64
10.2.0.9,01 27 2022 16 35 00,iperf3,String,,,,,,,,,,,,,,,10.1.0.38,String,2017402044,String,2012410555,String,142976,Int32,42576,Int32,96436,Int32,5,Int64
10.2.0.9,01 27 2022 16 40 00,iperf3,String,,,,,,,,,,,,,,,10.1.0.38,String,1966786014,String,1962019777,String,108898,Int32,52119,Int32,81219,Int32,5,Int64
10.2.0.9,01 27 2022 16 45 00,iperf3,String,,,,,,,,,,,,,,,10.1.0.38,String,1890456585,String,1886206530,String,78155,Int32,40385,Int32,55071,Int32,5,Int64
10.2.0.9,01 27 2022 16 50 00,iperf3,String,,,,,,,,,,,,,,,10.1.0.38,String,1982164757,String,1977655447,String,124961,Int32,53243,Int32,83178,Int32,5,Int64
,,,,,,,,,,,,,,,,,,,,,,,,,,,,,,,
,,,,,,,,,,,,,,,,,,,,,,,,,,,,,,,
,,,,,,,,,,,,,,,,,,,,,,,,,,,,76472.87538,,,
